{"cameraMode":{"drawMode":0,"name":"Shaded","section":"Shading Mode"},"sceneLighting":true,"audioPlay":false,"sceneViewState":{"showFog":true,"showMaterialUpdate":true,"showSkybox":false,"showFlares":true,"showImageEffects":true,"showParticleSystems":true},"in2DMode":false,"pivot":{"x":216.27163696289063,"y":200.69454956054688,"z":58.07890319824219},"rotation":{"x":0.011691246181726456,"y":0.006594901904463768,"z":0.00007357738650171086,"w":-0.999983012676239},"size":292.1358337402344,"orthographic":false}